Workbook

Sheet Guide
A1: Residential Lighting Estimation – Calculation Workbook
A2: University of Duhok – Electrical & Computer Engineering – Estimation course (4th year) – Valina Hani
A4: How to use
A5: 1 | B5: Change values only in BLUE cells (inputs). Black cells are formulas – do not overwrite them.
A6: 2 | B6: Cells with YELLOW fill are assumptions or estimates (prices, cable lengths, quantities): replace them with real values.
A7: 3 | B7: Inputs sheet: ceiling height, lamp data, maintenance factor, voltage, and the utilization-factor row from Table 2.
A8: 4 | B8: Rooms sheet: enter length, width, target lux and circuit for each room. Lamps, power and current are calculated automatically.
A9: 5 | B9: To add a room, insert a row inside the table (above the Total row) and copy the formulas from the row above.
A10: 6 | B10: Circuits sheet: lamps per circuit, MCB, cable capacity and voltage-drop checks. Cost sheet: bill of quantities and total cost.
A12: Colour code
A13: Blue text | B13: Input (hard-coded value)
A14: Black text | B14: Formula
A15: Green text | B15: Link to another sheet
A16: Yellow fill | B16: Assumption / estimate to be verified
A18: Method
A19: Room index | B19: k = (L × W) / (Hm × (L + W)), Hm = ceiling height − work-plane height
A20: Utilization factor | B20: UF interpolated linearly from Table 2 (C = 0.7, W = 0.5, F = 0.3); if k < 0.75 the lowest value is used
A21: Number of lamps | B21: n = (A × E) / (F × UF × MF), rounded up to a whole number (a manual override is allowed)
A22: Check | B22: E achieved = n × F × UF × MF / A must be ≥ target E (the check column shows OK or CHECK)
A23: Current | B23: I = P / V (power factor taken as 1)
A24: Voltage drop | B24: ΔV = 2 × ρ × L × I / Ac, ρ = 0.0225 Ω·mm²/m (copper at 70 °C), limit 3 % for lighting
A26: Sources and assumptions
A27: Lux levels | B27: Table 1 of the project report. Sport room (400 lx) is not in Table 1 – assumed equal to Study / Office.
A28: Lamp | B28: 20 W, 2500 lm, MF = 0.8 (project data). Supply 230 V, 50 Hz (assumed).
A29: Cable capacity | B29: 1.5 mm² copper PVC: lowest value in Table 3 (13 A) used as Iz (conservative).
A30: Prices, lengths | B30: Unit prices are assumed market prices in USD; cable / conduit lengths are estimates from the plan (±10 %).

Sheet Inputs
A1: Inputs
A2: Blue = input. Source: project data and report tables.
A3: Parameter | B3: Value | C3: Unit | D3: Note
A4: Ceiling height | B4: 3 | C4: m | D4: From the plan
A5: Work-plane height | B5: 0.8 | C5: m | D5: Standard work-plane height
A6: Mounting height Hm | B6: =B4-B5 -> 2.2 | C6: m | D6: Ceiling height − work plane
A7: Lamp power | B7: 20 | C7: W | D7: Project data
A8: Lamp luminous flux F | B8: 2500 | C8: lm | D8: Project data
A9: Maintenance factor MF | B9: 0.8 | D9: Project data
A10: Supply voltage V | B10: 230 | C10: V | D10: Assumed single-phase supply
A11: Copper resistivity ρ | B11: 0.0225 | C11: Ω·mm²/m | D11: Copper at 70 °C
A12: Max voltage drop (lighting) | B12: 0.03 | D12: 3 % limit usually applied to lighting circuits
A13: Lamp price | B13: 2 | C13: $ | D13: Price used in the original report
A16: Table 2 – utilization factor row used (C = 0.7, W = 0.5, F = 0.3)
A17: Room index k | B17: 0.75 | C17: 1 | D17: 1.25 | E17: 1.5 | F17: 2
A18: UF | B18: 0.69 | C18: 0.75 | D18: 0.8 | E18: 0.84 | F18: 0.89
A21: Table 1 – recommended illuminance (reference)
A22: Room | B22: Min (lx) | C22: Max (lx)
A23: Living Room | B23: 150 | C23: 300
A24: Kitchen | B24: 200 | C24: 400
A25: Dining Room | B25: 150 | C25: 250
A26: Bedroom | B26: 150 | C26: 200
A27: Bathroom | B27: 200 | C27: 300
A28: Hallway | B28: 100 | C28: 150
A29: Staircase | B29: 150 | C29: 150
A30: Study / Office | B30: 400 | C30: 500
A31: Storage Room | B31: 100 | C31: 150

Sheet Rooms
A1: Room-by-room lighting calculation (lumen method)
A2: Enter L, W, target E and circuit in blue cells. Green = linked from Inputs.
A4: Room | B4: Circuit | C4: Length L (m) | D4: Width W (m) | E4: Target E (lx) | F4: Area A (m²) | G4: Room index k | H4: UF | I4: n calculated | J4: Manual override (lamps) | K4: n adopted | L4: E achieved (lx) | M4: Power (W) | N4: Current (A) | O4: Lamp cost ($) | P4: Illuminance check
A5: Bedroom 1 | B5: L1 | C5: 4.5 | D5: 3.8 | E5: 150 | F5: =C5*D5 -> 17.1 | G5: =C5*D5/(Inputs!$B$6*(C5+D5)) -> 0.93647317 | H5: =ROUND(IF(G5<=Inputs!$B$17,Inputs!$B$18,IF(G5>=Inputs!$F$17,Inputs!$F$18,INDEX(Inputs!$B$18:$F$18,MATCH(G5,Inputs!$B$17:$F$17,1))+(INDEX(Inputs!$B$18:$F$18,MATCH(G5,Inputs!$B$17:$F$17,1)+1)-INDEX(Inputs!$B$18:$F$18,MATCH(G5,Inputs!$B$17:$F$17,1)))*(G5-INDEX(Inputs!$B$17:$F$17,MATCH(G5,Inputs!$B$17:$F$17,1)))/(INDEX(Inputs!$B$17:$F$17,MATCH(G5,Inputs!$B$17:$F$17,1)+1)-INDEX(Inputs!$B$17:$F$17,MATCH(G5,Inputs!$B$17:$F$17,1))))),2) -> 0.73 | I5: =F5*E5/(Inputs!$B$8*H5*Inputs!$B$9) -> 1.7568493 | K5: =IF(J5<>"",J5,ROUNDUP(ROUND(I5,2),0)) -> 2 | L5: =K5*Inputs!$B$8*H5*Inputs!$B$9/F5 -> 170.76023 | M5: =K5*Inputs!$B$7 -> 40 | N5: =M5/Inputs!$B$10 -> 0.17391304 | O5: =K5*Inputs!$B$13 -> 4 | P5: =IF(L5>=E5,"OK","CHECK") -> OK
A6: Bedroom 2 | B6: L1 | C6: 4.5 | D6: 3.8 | E6: 150 | F6: =C6*D6 -> 17.1 | G6: =C6*D6/(Inputs!$B$6*(C6+D6)) -> 0.93647317 | H6: =ROUND(IF(G6<=Inputs!$B$17,Inputs!$B$18,IF(G6>=Inputs!$F$17,Inputs!$F$18,INDEX(Inputs!$B$18:$F$18,MATCH(G6,Inputs!$B$17:$F$17,1))+(INDEX(Inputs!$B$18:$F$18,MATCH(G6,Inputs!$B$17:$F$17,1)+1)-INDEX(Inputs!$B$18:$F$18,MATCH(G6,Inputs!$B$17:$F$17,1)))*(G6-INDEX(Inputs!$B$17:$F$17,MATCH(G6,Inputs!$B$17:$F$17,1)))/(INDEX(Inputs!$B$17:$F$17,MATCH(G6,Inputs!$B$17:$F$17,1)+1)-INDEX(Inputs!$B$17:$F$17,MATCH(G6,Inputs!$B$17:$F$17,1))))),2) -> 0.73 | I6: =F6*E6/(Inputs!$B$8*H6*Inputs!$B$9) -> 1.7568493 | K6: =IF(J6<>"",J6,ROUNDUP(ROUND(I6,2),0)) -> 2 | L6: =K6*Inputs!$B$8*H6*Inputs!$B$9/F6 -> 170.76023 | M6: =K6*Inputs!$B$7 -> 40 | N6: =M6/Inputs!$B$10 -> 0.17391304 | O6: =K6*Inputs!$B$13 -> 4 | P6: =IF(L6>=E6,"OK","CHECK") -> OK
A7: Bedroom 3 | B7: L1 | C7: 4.5 | D7: 3.8 | E7: 150 | F7: =C7*D7 -> 17.1 | G7: =C7*D7/(Inputs!$B$6*(C7+D7)) -> 0.93647317 | H7: =ROUND(IF(G7<=Inputs!$B$17,Inputs!$B$18,IF(G7>=Inputs!$F$17,Inputs!$F$18,INDEX(Inputs!$B$18:$F$18,MATCH(G7,Inputs!$B$17:$F$17,1))+(INDEX(Inputs!$B$18:$F$18,MATCH(G7,Inputs!$B$17:$F$17,1)+1)-INDEX(Inputs!$B$18:$F$18,MATCH(G7,Inputs!$B$17:$F$17,1)))*(G7-INDEX(Inputs!$B$17:$F$17,MATCH(G7,Inputs!$B$17:$F$17,1)))/(INDEX(Inputs!$B$17:$F$17,MATCH(G7,Inputs!$B$17:$F$17,1)+1)-INDEX(Inputs!$B$17:$F$17,MATCH(G7,Inputs!$B$17:$F$17,1))))),2) -> 0.73 | I7: =F7*E7/(Inputs!$B$8*H7*Inputs!$B$9) -> 1.7568493 | K7: =IF(J7<>"",J7,ROUNDUP(ROUND(I7,2),0)) -> 2 | L7: =K7*Inputs!$B$8*H7*Inputs!$B$9/F7 -> 170.76023 | M7: =K7*Inputs!$B$7 -> 40 | N7: =M7/Inputs!$B$10 -> 0.17391304 | O7: =K7*Inputs!$B$13 -> 4 | P7: =IF(L7>=E7,"OK","CHECK") -> OK
A8: Bathroom 1 | B8: L2 | C8: 2.9 | D8: 2 | E8: 200 | F8: =C8*D8 -> 5.8 | G8: =C8*D8/(Inputs!$B$6*(C8+D8)) -> 0.5380334 | H8: =ROUND(IF(G8<=Inputs!$B$17,Inputs!$B$18,IF(G8>=Inputs!$F$17,Inputs!$F$18,INDEX(Inputs!$B$18:$F$18,MATCH(G8,Inputs!$B$17:$F$17,1))+(INDEX(Inputs!$B$18:$F$18,MATCH(G8,Inputs!$B$17:$F$17,1)+1)-INDEX(Inputs!$B$18:$F$18,MATCH(G8,Inputs!$B$17:$F$17,1)))*(G8-INDEX(Inputs!$B$17:$F$17,MATCH(G8,Inputs!$B$17:$F$17,1)))/(INDEX(Inputs!$B$17:$F$17,MATCH(G8,Inputs!$B$17:$F$17,1)+1)-INDEX(Inputs!$B$17:$F$17,MATCH(G8,Inputs!$B$17:$F$17,1))))),2) -> 0.69 | I8: =F8*E8/(Inputs!$B$8*H8*Inputs!$B$9) -> 0.84057971 | K8: =IF(J8<>"",J8,ROUNDUP(ROUND(I8,2),0)) -> 1 | L8: =K8*Inputs!$B$8*H8*Inputs!$B$9/F8 -> 237.93103 | M8: =K8*Inputs!$B$7 -> 20 | N8: =M8/Inputs!$B$10 -> 0.086956522 | O8: =K8*Inputs!$B$13 -> 2 | P8: =IF(L8>=E8,"OK","CHECK") -> OK
A9: Bathroom 2 | B9: L2 | C9: 2.9 | D9: 2 | E9: 200 | F9: =C9*D9 -> 5.8 | G9: =C9*D9/(Inputs!$B$6*(C9+D9)) -> 0.5380334 | H9: =ROUND(IF(G9<=Inputs!$B$17,Inputs!$B$18,IF(G9>=Inputs!$F$17,Inputs!$F$18,INDEX(Inputs!$B$18:$F$18,MATCH(G9,Inputs!$B$17:$F$17,1))+(INDEX(Inputs!$B$18:$F$18,MATCH(G9,Inputs!$B$17:$F$17,1)+1)-INDEX(Inputs!$B$18:$F$18,MATCH(G9,Inputs!$B$17:$F$17,1)))*(G9-INDEX(Inputs!$B$17:$F$17,MATCH(G9,Inputs!$B$17:$F$17,1)))/(INDEX(Inputs!$B$17:$F$17,MATCH(G9,Inputs!$B$17:$F$17,1)+1)-INDEX(Inputs!$B$17:$F$17,MATCH(G9,Inputs!$B$17:$F$17,1))))),2) -> 0.69 | I9: =F9*E9/(Inputs!$B$8*H9*Inputs!$B$9) -> 0.84057971 | K9: =IF(J9<>"",J9,ROUNDUP(ROUND(I9,2),0)) -> 1 | L9: =K9*Inputs!$B$8*H9*Inputs!$B$9/F9 -> 237.93103 | M9: =K9*Inputs!$B$7 -> 20 | N9: =M9/Inputs!$B$10 -> 0.086956522 | O9: =K9*Inputs!$B$13 -> 2 | P9: =IF(L9>=E9,"OK","CHECK") -> OK
A10: Dressing Room | B10: L2 | C10: 2.9 | D10: 2 | E10: 200 | F10: =C10*D10 -> 5.8 | G10: =C10*D10/(Inputs!$B$6*(C10+D10)) -> 0.5380334 | H10: =ROUND(IF(G10<=Inputs!$B$17,Inputs!$B$18,IF(G10>=Inputs!$F$17,Inputs!$F$18,INDEX(Inputs!$B$18:$F$18,MATCH(G10,Inputs!$B$17:$F$17,1))+(INDEX(Inputs!$B$18:$F$18,MATCH(G10,Inputs!$B$17:$F$17,1)+1)-INDEX(Inputs!$B$18:$F$18,MATCH(G10,Inputs!$B$17:$F$17,1)))*(G10-INDEX(Inputs!$B$17:$F$17,MATCH(G10,Inputs!$B$17:$F$17,1)))/(INDEX(Inputs!$B$17:$F$17,MATCH(G10,Inputs!$B$17:$F$17,1)+1)-INDEX(Inputs!$B$17:$F$17,MATCH(G10,Inputs!$B$17:$F$17,1))))),2) -> 0.69 | I10: =F10*E10/(Inputs!$B$8*H10*Inputs!$B$9) -> 0.84057971 | K10: =IF(J10<>"",J10,ROUNDUP(ROUND(I10,2),0)) -> 1 | L10: =K10*Inputs!$B$8*H10*Inputs!$B$9/F10 -> 237.93103 | M10: =K10*Inputs!$B$7 -> 20 | N10: =M10/Inputs!$B$10 -> 0.086956522 | O10: =K10*Inputs!$B$13 -> 2 | P10: =IF(L10>=E10,"OK","CHECK") -> OK
A11: Entrance | B11: L2 | C11: 2.9 | D11: 2 | E11: 200 | F11: =C11*D11 -> 5.8 | G11: =C11*D11/(Inputs!$B$6*(C11+D11)) -> 0.5380334 | H11: =ROUND(IF(G11<=Inputs!$B$17,Inputs!$B$18,IF(G11>=Inputs!$F$17,Inputs!$F$18,INDEX(Inputs!$B$18:$F$18,MATCH(G11,Inputs!$B$17:$F$17,1))+(INDEX(Inputs!$B$18:$F$18,MATCH(G11,Inputs!$B$17:$F$17,1)+1)-INDEX(Inputs!$B$18:$F$18,MATCH(G11,Inputs!$B$17:$F$17,1)))*(G11-INDEX(Inputs!$B$17:$F$17,MATCH(G11,Inputs!$B$17:$F$17,1)))/(INDEX(Inputs!$B$17:$F$17,MATCH(G11,Inputs!$B$17:$F$17,1)+1)-INDEX(Inputs!$B$17:$F$17,MATCH(G11,Inputs!$B$17:$F$17,1))))),2) -> 0.69 | I11: =F11*E11/(Inputs!$B$8*H11*Inputs!$B$9) -> 0.84057971 | K11: =IF(J11<>"",J11,ROUNDUP(ROUND(I11,2),0)) -> 1 | L11: =K11*Inputs!$B$8*H11*Inputs!$B$9/F11 -> 237.93103 | M11: =K11*Inputs!$B$7 -> 20 | N11: =M11/Inputs!$B$10 -> 0.086956522 | O11: =K11*Inputs!$B$13 -> 2 | P11: =IF(L11>=E11,"OK","CHECK") -> OK
A12: Sport Room | B12: L2 | C12: 4.5 | D12: 2.3 | E12: 400 | F12: =C12*D12 -> 10.35 | G12: =C12*D12/(Inputs!$B$6*(C12+D12)) -> 0.69184492 | H12: =ROUND(IF(G12<=Inputs!$B$17,Inputs!$B$18,IF(G12>=Inputs!$F$17,Inputs!$F$18,INDEX(Inputs!$B$18:$F$18,MATCH(G12,Inputs!$B$17:$F$17,1))+(INDEX(Inputs!$B$18:$F$18,MATCH(G12,Inputs!$B$17:$F$17,1)+1)-INDEX(Inputs!$B$18:$F$18,MATCH(G12,Inputs!$B$17:$F$17,1)))*(G12-INDEX(Inputs!$B$17:$F$17,MATCH(G12,Inputs!$B$17:$F$17,1)))/(INDEX(Inputs!$B$17:$F$17,MATCH(G12,Inputs!$B$17:$F$17,1)+1)-INDEX(Inputs!$B$17:$F$17,MATCH(G12,Inputs!$B$17:$F$17,1))))),2) -> 0.69 | I12: =F12*E12/(Inputs!$B$8*H12*Inputs!$B$9) -> 3 | J12: 4 | K12: =IF(J12<>"",J12,ROUNDUP(ROUND(I12,2),0)) -> 4 | L12: =K12*Inputs!$B$8*H12*Inputs!$B$9/F12 -> 533.33333 | M12: =K12*Inputs!$B$7 -> 80 | N12: =M12/Inputs!$B$10 -> 0.34782609 | O12: =K12*Inputs!$B$13 -> 8 | P12: =IF(L12>=E12,"OK","CHECK") -> OK
A13: Living Room with Open Kitchen | B13: L3 | C13: 9.6 | D13: 5.3 | E13: 300 | F13: =C13*D13 -> 50.88 | G13: =C13*D13/(Inputs!$B$6*(C13+D13)) -> 1.552166 | H13: =ROUND(IF(G13<=Inputs!$B$17,Inputs!$B$18,IF(G13>=Inputs!$F$17,Inputs!$F$18,INDEX(Inputs!$B$18:$F$18,MATCH(G13,Inputs!$B$17:$F$17,1))+(INDEX(Inputs!$B$18:$F$18,MATCH(G13,Inputs!$B$17:$F$17,1)+1)-INDEX(Inputs!$B$18:$F$18,MATCH(G13,Inputs!$B$17:$F$17,1)))*(G13-INDEX(Inputs!$B$17:$F$17,MATCH(G13,Inputs!$B$17:$F$17,1)))/(INDEX(Inputs!$B$17:$F$17,MATCH(G13,Inputs!$B$17:$F$17,1)+1)-INDEX(Inputs!$B$17:$F$17,MATCH(G13,Inputs!$B$17:$F$17,1))))),2) -> 0.85 | I13: =F13*E13/(Inputs!$B$8*H13*Inputs!$B$9) -> 8.9788235 | K13: =IF(J13<>"",J13,ROUNDUP(ROUND(I13,2),0)) -> 9 | L13: =K13*Inputs!$B$8*H13*Inputs!$B$9/F13 -> 300.70755 | M13: =K13*Inputs!$B$7 -> 180 | N13: =M13/Inputs!$B$10 -> 0.7826087 | O13: =K13*Inputs!$B$13 -> 18 | P13: =IF(L13>=E13,"OK","CHECK") -> OK
A14: Total | K14: =SUM(K5:K13) -> 23 | M14: =SUM(M5:M13) -> 460 | N14: =SUM(N5:N13) -> 2 | O14: =SUM(O5:O13) -> 46
A16: Notes: dressing room is 2.35 × 2.9 m on the plan (k = 0.59, UF = 0.69, n = 0.99 → 1 lamp), same result as the grouped 2.9 × 2.0 m; for k below 0.75 the lowest tabulated UF (0.69) is used.

Sheet Circuits
A1: Lighting circuits, protection and voltage drop
A2: Lamps and power are summed from the Rooms sheet by circuit name.
A4: Circuit | B4: Area supplied | C4: Lamps | D4: Power (W) | E4: Current Ib (A) | F4: MCB In (A) | G4: Cable size Ac (mm²) | H4: Cable capacity Iz (A) | I4: Ib ≤ In ≤ Iz | J4: Longest run (m) | K4: Voltage drop (V) | L4: Voltage drop (%) | M4: Voltage-drop check | N4: Cable length estimate (m)
A5: L1 | B5: Bedrooms 1, 2 and 3 | C5: =SUMIF(Rooms!$B$5:$B$13,A5,Rooms!$K$5:$K$13) -> 6 | D5: =SUMIF(Rooms!$B$5:$B$13,A5,Rooms!$M$5:$M$13) -> 120 | E5: =D5/Inputs!$B$10 -> 0.52173913 | F5: 6 | G5: 1.5 | H5: 13 | I5: =IF(AND(E5<=F5,F5<=H5),"OK","CHECK") -> OK | J5: 25 | K5: =2*Inputs!$B$11*J5*E5/G5 -> 0.39130435 | L5: =K5/Inputs!$B$10 -> 0.0017013233 | M5: =IF(L5<=Inputs!$B$12,"OK","CHECK") -> OK | N5: 45
A6: L2 | B6: Bathrooms 1 and 2, dressing room, entrance, sport room | C6: =SUMIF(Rooms!$B$5:$B$13,A6,Rooms!$K$5:$K$13) -> 8 | D6: =SUMIF(Rooms!$B$5:$B$13,A6,Rooms!$M$5:$M$13) -> 160 | E6: =D6/Inputs!$B$10 -> 0.69565217 | F6: 6 | G6: 1.5 | H6: 13 | I6: =IF(AND(E6<=F6,F6<=H6),"OK","CHECK") -> OK | J6: 25 | K6: =2*Inputs!$B$11*J6*E6/G6 -> 0.52173913 | L6: =K6/Inputs!$B$10 -> 0.002268431 | M6: =IF(L6<=Inputs!$B$12,"OK","CHECK") -> OK | N6: 55
A7: L3 | B7: Living room with open kitchen | C7: =SUMIF(Rooms!$B$5:$B$13,A7,Rooms!$K$5:$K$13) -> 9 | D7: =SUMIF(Rooms!$B$5:$B$13,A7,Rooms!$M$5:$M$13) -> 180 | E7: =D7/Inputs!$B$10 -> 0.7826087 | F7: 6 | G7: 1.5 | H7: 13 | I7: =IF(AND(E7<=F7,F7<=H7),"OK","CHECK") -> OK | J7: 25 | K7: =2*Inputs!$B$11*J7*E7/G7 -> 0.58695652 | L7: =K7/Inputs!$B$10 -> 0.0025519849 | M7: =IF(L7<=Inputs!$B$12,"OK","CHECK") -> OK | N7: 45
A8: Total | C8: =SUM(C5:C7) -> 23 | D8: =SUM(D5:D7) -> 460 | E8: =SUM(E5:E7) -> 2 | N8: =SUM(N5:N7) -> 145
A10: All lamps assigned to a circuit? | C10: =IF(C8=Rooms!K14,"OK","CHECK") -> OK
A12: Iz = 13 A is the lowest value for 1.5 mm² copper in Table 3 (conservative). Longest runs (25 m) and cable lengths (incl. ~10 % waste) are estimates from the plan: measure the wiring polylines in AutoCAD (LIST / LENGTH) and replace the yellow cells.

Sheet Cost
A1: Bill of quantities and cost estimate
A2: Unit prices (yellow) are assumed market prices in USD – replace them with real prices.
A4: No. | B4: Item | C4: Unit | D4: Quantity | E4: Unit price ($) | F4: Amount ($)
A5: 1 | B5: 20 W lamp, 2500 lm | C5: pcs | D5: =Rooms!K14 -> 23 | E5: =Inputs!B13 -> 2 | F5: =D5*E5 -> 46
A6: 2 | B6: One-way switch (single / double gang) | C6: pcs | D6: 9 | E6: 1.2 | F6: =D6*E6 -> 10.8
A7: 3 | B7: Junction box | C7: pcs | D7: 9 | E7: 0.5 | F7: =D7*E7 -> 4.5
A8: 4 | B8: Copper PVC cable 1.5 mm² | C8: m | D8: =Circuits!N8 -> 145 | E8: 0.35 | F8: =D8*E8 -> 50.75
A9: 5 | B9: PVC conduit 20 mm | C9: m | D9: 120 | E9: 0.3 | F9: =D9*E9 -> 36
A10: 6 | B10: Distribution board, 6-way, with main switch / RCD | C10: pcs | D10: 1 | E10: 25 | F10: =D10*E10 -> 25
A11: 7 | B11: MCB 6 A | C11: pcs | D11: =COUNTA(Circuits!A5:A7) -> 3 | E11: 3 | F11: =D11*E11 -> 9
A12: 8 | B12: Accessories (clips, saddles, tape) | C12: lot | D12: 1 | E12: 10 | F12: =D12*E12 -> 10
B13: Materials subtotal | F13: =SUM(F5:F12) -> 192.05
B14: Labour (% of materials) | E14: 0.35 | F14: =F13*E14 -> 67.2175
B15: Subtotal | F15: =F13+F14 -> 259.2675
B16: Overhead and profit (% of subtotal) | E16: 0.1 | F16: =F15*E16 -> 25.92675
B17: TOTAL ESTIMATED COST | F17: =F15+F16 -> 285.19425
B19: Cable and conduit lengths are estimates (±10 %). Lamp price comes from the original report; all other prices, the labour % and the overhead % are assumptions.
